TRACK_ID,TOTAL_STREAM,DAILY_STREAM
1BxfuPKGuaTgP7aM0Bbdwr,3082131621,1403390
1p80LdxRV74UKvL8gnD7ky,2206937552,966573
55n9yjI6qqXh5F2mYvUc2y,1978119124,687427
0V3wPSX9ygBnCm8psDIegu,1903209843,517629
1dGr1c8CrMLDpV6mPbImSI,1871493152,983183
4R2kfaDFhslZEMJqAFNpdd,1774956803,1373312
5xTtaWoae3wi06K5WfVUUH,1724204570,695409
3hUxzQpSfdDqwM3ZTFQY0K,1613674582,1270459
4lIxdJw6W3Fg4vUIYCB0S5,1521053409,1057316
1R0a2iXumgCiFb7HEZ7gUE,1477589919,700469
1P17dC1amhFzptugyAO7Il,1365873654,364765
6NFyWDv5CjfwuzoCkw47Xf,1225309915,633097
59HjlYCeBsxdI0fcm3zglw,1104780028,360842
5enxwA8aAbwZbf5qCHORXi,1091927171,616960
6RRNNciQGZEXnqk8SQ9yv5,1090130960,253737
6YvqWjhGD8mB5QXcbcUKtx,1068039165,631827
1vrd6UOGamcKNGnSHJQlSt,1043622007,369837
2OzhQlSqBEmt7hmkYxfT6m,1025342975,759757
2gVhfX2Gy1T9kDuS9azrF7,1025288829,364060
2o2IVjuqRkR9hJxtPjtAP0,1013288919,449720
4pvb0WLRcMtbPGmtejJJ6y,979713042,680829
1qrpoAMXodY6895hGKoUpA,972975817,827062
7KokYm8cMIXCsGVmUvKtqf,960992707,321476
3RauEVgRgj1IuWdJ9fDs70,957423407,276926
5lg33MHs1BoUtJVClw8ZpI,956457475,311775
2Rk4JlNc2TPmZe2af99d45,951420656,150390
2yLa0QULdQr0qAIvVwN6B5,947336090,446176
1K39ty6o1sHwwlZwO6a7wK,944103807,418240
5jQI2r1RdgtuT8S3iG8zFC,849958671,252037
0VE4kBnHJUgtMf0dy6DRmW,843717880,509367
3rWDp9tBPQR9z6U5YyRSK4,805450861,309951
4y5bvROuBDPr5fuwXbIBZR,788090738,282464
4D7BCuvgdJlYvlX5WlN54t,784474583,547593
1gcyHQpBQ1lfXGdhZmWrHP,772882953,329602
7AEAGTc8cReDqcbPoY9gwo,761805036,239642
3GCL1PydwsLodcpv0Ll1ch,761446274,303385
1MgV7FIyNxIG7WzMRJV5HC,745819355,593087
4q5YezDOIPcoLr8R81x9qy,722927388,534672
0Jlcvv8IykzHaSmj49uNW8,711072887,472168
1ZY1PqizIl78geGM4xWlEA,708844497,231987
273dCMFseLcVsoSWx59IoE,697602876,259429
3qoftcUZaUOncvIYjFSPdE,673458658,236797
1fzAuUVbzlhZ1lJAx9PtY6,610929361,656427
2x0WlnmfG39ZuDmstl9xfX,592796152,223114
3eX0NZfLtGzoLUxPNvRfqm,565788379,254166
2NmsngXHeC1GQ9wWrzhOMf,565221085,287028
1Iq8oo9XkmmvCQiGOfORiz,549781165,217006
4svZDCRz4cJoneBpjpx8DJ,546658591,211299
22bPsP2jCgbLUvh82U0Z3M,537613515,407228
0ZNU020wNYvgW84iljPkPP,533822515,282689
7kt9e9LFSpN1zQtYEl19o1,525820118,317704
1GwMQaZz6Au3QLDbjbMdme,524643743,384918
3pHkh7d0lzM2AldUtz2x37,513369151,242078
214nt20w5wOxJnY462klLw,510057881,217168
1wtOxkiel43cVs0Yux5Q4h,499148949,145741
1xwAWUI6Dj0WGC3KiUPN0O,490318326,134041
0W0iAC1VGlB82PI6elxFYf,483650182,443903
6VsvKPJ4xjVNKpI8VVZ3SV,479465226,339772
1SymEzIT3H8UZfibCs3TYi,477765457,207955
6AtZLIzUINvExIUy4QhdjP,476669539,149400
2F3N9tdombb64aW6VtZOdo,469959758,282848
3DrjZArsPsoqbLzUZZV1Id,465773327,225459
3sW3oSbzsfecv9XoUdGs7h,458190615,336857
17yraMKqmZIKAv3iaGcoLX,456814283,176024
6oVxXO5oQ4pTpO8RSnkzvv,454469531,1397121
5YqltLsjdqFtvqE7Nrysvs,452058415,162156
3zwMVvkBe2qIKDObWgXw4N,451527398,323789
2CYVETnhM9aytqrazYYwrK,447129987,164161
2P5gfMtCcKP0CkmgqFMyPg,443101148,123847
2Eeur20xVqfUoM3Q7EFPFt,435941586,170054
5kI4eCXXzyuIUXjQra0Cxi,433618532,137751
7FmYn9e7KHMXcxqGSj9LjH,433101782,160455
7qGr3rjRhndRIpFUA5f2HJ,432371362,183323
77sMIMlNaSURUAXq5coCxE,426282473,239931
12M5uqx0ZuwkpLp5rJim1a,418644153,179530
1LLXZFeAHK9R4xUramtUKw,409195177,154608
71BqAINEnezjQfxE4VuJfq,406546408,262491
6lCvK2AR2uOKkVFCVlAzzm,405922796,177031
5KD6AEm19QnMbfWpfoOHMl,402926558,215150
4OAuvHryIVv4kMDNSLuPt6,397261137,410957
43rA71bccXFGD4C8GOpIlN,392728460,129415
36t6frENUtCYKuZus6aYDO,391134692,239387
3yII7UwgLF6K5zW3xad3MP,385687484,190583
6KJqZcs9XDgVck7Lg9QOTC,383526899,162560
3Vevii7qKqrmW8CcyzBHDl,381054556,250459
1hjRhYpWyqDpPahmSlUTlc,374699807,242844
0A1JLUlkZkp2EFrosoNQi0,362837795,201118
2XXwLdtuAcE0HSCu61ijAb,359476664,232726
2VuqMjgoKaOHNM8HpxtXKx,354196204,146993
5OndtwLGA9O6XHFcGm2H7r,350872933,125014
2dgFqt3w9xIQRjhPtwNk3D,350469651,124254
3CWq0pAKKTWb0K4yiglDc4,347494353,300054
0heeNYlwOGuUSe7TgUD27B,347002238,92378
3nsfB1vus2qaloUdcBZvDu,345889381,234235
0wavGRldH0AWyu2zvTz8zb,344328326,169490
7HuBDWi18s4aJM8UFnNheH,343655856,198591
3Dby3p1m6IOZn2gIIqECgK,342229205,114643
5og4Qzt92jJzVDkOtSEilb,340917476,223724
4txojlesMFQZGWxwz2EeqB,340494444,150890
5QVVjX0ZItqlVpEuVCM9Yg,335532235,284140
7Mts0OfPorF4iwOomvfqn1,332976750,497578
6uwfVkaOM1mcMkFmSn35ix,331953941,108728
2YWtcWi3a83pdEg3Gif4Pd,330756488,102667
45wMBGri1PORPjM9PwFfrS,326541988,186289
5hQSXkFgbxjZo9uCwd11so,326325135,509099
5kHMfzgLZP95O9NBy0ku4v,324498578,134553
6sQckd3Z8NPxVVKUnavY1F,321620621,109500
3i9UVldZOE0aD0JnyfAZZ0,321485507,67460
7I7JbDv63ZJJsSi24DyJrz,318595028,173814
0qAIiGFKLdV1xpNlEhjpq8,313786725,104857
6RSG1dKPV5gEvILwJb4QtS,304578442,419971
2v1ivOOsgn64g5OywuH55L,302938454,209352
3NMrVbIVWT3fPXBj0rNDKG,301041795,193770
4NAmRvqSITAAzKWnC8yRq3,300588103,84080
3ZVFcD8Wlw9T9klGqmJf9F,298233030,155832
5uICWmZTLkpEVbK22PBP6e,291574073,145909
4V9NuhKQcUFt4cgbynHV79,282188262,88208
01K4zKU104LyJ8gMb7227B,279519478,147249
6qnM0XXPZOINWA778uNqQ9,278063232,103313
6Wlq9rqkxrqj5Kls4Kw14H,276906834,141038
79uDOz0zuuWS7HWxzMmTa2,275496403,167760
4wFUdSCer8bdQsrp1M90sa,271896142,76963
07NxDD1iKCHbAldceD7QLP,270174383,105209
43Ykum9T72UOPhBN31grpN,269811560,115748
4CkgMiMqZ5JzW9iYXSTMTL,267071921,124802
4zmKGsrXjLmljb5fTaBTot,265984000,202786
00vJzaoxM3Eja1doBUhX0P,265718656,39602
3xYJScVfxByb61dYHTwiby,262658829,155078
4NioO5R9sHEZh4cGzMHyNt,261753148,137542
2QDyYdZyhlP2fp79KZX8Bi,259602485,94787
7G0gBu6nLdhFDPRLc0HdDG,257273012,167236
3z6XUommYDWPHeFhmhhT6j,256263926,168701
5rcHBt2aNcGFWW0jaAUe1L,255743439,80761
7MbT4I8qGntX4fMdqMQgke,255297010,102834
7F5oktn5YOsR9eR5YsFtqb,252881948,126656
7eGeUVeCEvEQrivmjl9Qn3,252778809,81543
0z9UVN8VBHJ9HdfYsOuuNf,250512978,36004
1dhMTsEZz6ZEquGvmzVoHn,246467021,197395
0hhzNPE68LWLfgZwdpxVdR,244818900,286863
6FmJKLpyCt42nP2IOVEVc2,244205445,54880
5VYWxXUpxuxEmCqMLDqICo,242413439,100916
32mVHdy0bi1XKgr0ajsBlG,241736245,86578
52OkpDsU6MmPx1AwGOb6Ap,239144690,117901
4mKye6Z1kXuKolzMkJoKFA,238550804,26226
0dAb8TY433dl3ZfXYCLE19,237209386,69518
71CBDRKmF2VeRKYMG1DFBh,233992261,124854
5PxFv9yJEg9dxvbZggykro,232037257,127933
18WFFUIsewmA8g31KAeo3e,230683876,250289
6MWoRt97mnSTXZhu3ggi9C,229966354,97120
55Vf4bimc1Rtfg0PAQRAo2,229143815,92030
2ythurkTtSiyfK7GprJoFW,228218956,125262
5tWxKWq1DSP1s9WQ5PWuqu,227944064,86197
3fO566xJgwxIa3qGCGBvIC,224255170,165635
08fa9LFcFBTcilB3iq2e2A,222593761,81671
1kcwpPDQnqEqmezzXdJTCP,222037439,181924
2awNGIJHodfLZSClB3PYhz,219794839,81434
66tOfHVH3aUrscg8vExRV4,215874999,96284
6pYNq0ZwpPVazKzsqpf0G8,215872429,100602
6xsEAm6w9oMQYYg3jkEkMT,215267045,69107
6N1K5OVVCopBjGViHs2IvP,214477026,61841
045ZeOHPIzhxxsm8bq5kyE,213905984,373792
06WgOCf0LV2h4keYXDRnuh,209682270,45267
7qEUFOVcxRI19tbT68JcYK,207805210,151977
3pv7Q5v2dpdefwdWIvE7yH,206970238,108613
2vPMoMDXxu9uX1igWZmXSG,203636517,110676
5h2sBwpUSAndjObfU3ti2r,201927500,50461
4hqJ4bSlYJOXb6Z4SRmzxs,201873577,115522
0eFQWVz0qIxDOvhLpZ40P7,197901441,88035
5Bedn0svl0ZD7RGmJkmKKw,191983686,199425
1SztNGCwEHJEVFx90E5g7D,190258151,64329
62E2nR0od0M5HYxuYLaDz7,189215739,143969
4dYUOfmWna6DFccnz732n8,186698524,57843
4OmFmE0fzcMG6g0Y8p4eSD,185447475,91822
3MytWN8L7shNYzGl4tAKRp,173959570,87923
0NwGC0v03ysCYINtg6ns58,172458721,59714
1hR8BSuEqPCCZfv93zzzz9,171755673,90088
4AYtqFyFbX0Xkc2wtcygTr,170792581,54434
2h3MDMf8sd9s4XIzpTBIjX,170471369,92990
73W5aXorr5vxrySFcoZqIN,168207492,94275
10GRRCR5fctuOF4GFmATJI,165137676,75372
1MaqkdFNIKPdpQGDzme5ss,164006123,62114
3wmN11qXGL0HyPojvEE1D9,163018944,38071
2fF3QzbGCrtrDXIdWcg1mv,162833282,27171
6RvRzl1YJTDnUvdOtV21IK,161347390,37183
4IQkfUsrwXol38VV3U7t7T,161053817,57206
1UlhrRvYzbHEyugEDspXUB,160407688,94791
2ByBBvpR9b7IynvRmnG7kG,160086214,113384
0Om9WAB5RS09L80DyOfTNa,158841007,55179
1XLc4irbX7oQSneh6gWv3O,157162791,33208
0v4z1tuZvn6LGknom9Qx7d,156678995,77797
1SmiQ65iSAbPto6gPFlBYm,156169469,39479
3hlGuz3loYoLfI3bpwieWq,155097236,127712
2KrOAg6FftbjgSKdd2a4rS,154622085,37265
6lzc0Al0zfZOIFsFvBS1ki,153470322,66938
0y6kdSRCVQhSsHSpWvTUm7,151790192,89650
7hZuICN5eaCuQyp443RCt6,151296204,29109
7C0w28EsX0Um2FrZs9gso2,150441512,50583
16MVSD0mGI4RMQT83Qzm69,149907275,55045
6T0sEnqjmHISIKwFETeeiP,149736421,64986
6a8aUhYbaQBUI8PcJ5ZmQ6,149264597,52221
3zMDGj4D8ogaYgAIZPeU7S,148933381,133093
4pNApnaUWAL2J4KO2eqokq,146757974,83376
05GsNucq8Bngd9fnd4fRa0,146459388,116253
6GXgd1BPD9bUpqw5AntGV5,145730621,91765
1rmEsOezwf2lmIZTMAO5Ag,144555888,123353
3jBMHD19RZdAqG9iFQh7xc,142823918,27315
2913xXOVAIDAqxzV2g4VcU,142533774,115680
1zU8j1x3yi9xalMF96pzKp,141870621,54021
1msEuwSBneBKpVCZQcFTsU,140875552,59780
4UwqOWDpdeIDVQDuKT6iza,140103185,135430
2G679wnKfyhUOeNx910OXg,139921727,33266
64FzgoLZ3oXu2SriZblHic,139764555,69100
43sE2O3skbGBpT2tO6fzv9,139757673,61718
1kdWw77ZpYOkhxeuhzU1j6,139704121,66376
5YL553x8sHderRBDlm3NM3,139219634,121763
5xXqyjLicvEpch72qEryFT,137807703,59552
3S7HNKPakdwNEBFIVTL6dZ,137354374,65321
6dTA6y0C2ReQklntzZl8l3,137000853,69498
2slqvGLwzZZYsT4K4Y1GBC,136748313,25316
5vyxXfD5gLlyPxGZMEjtmd,136288506,54709
4h0EXpatqJImv4VRgvX6po,134412440,34806
30Y4CV7A6YqtQtTTo7Ue4j,132303540,47359
4EF6IyONolQy0bIQXm2EmX,131638558,83142
6qAcApH8obo8eqatCKUHd9,129243430,51452
4CHpVfAhuxNJ3ibExe6kxO,128947116,34449
0H2UD0LfSCiRr59YMGlCuS,127606893,32184
4s8BIKx4Zh6ryAEz8RTlaU,127398195,67152
43y1WpBdnEy5TR9aZoSQL9,127138948,68980
2nqio0SfWg6gh2eCtfuMa5,126808511,55254
73qMN9bXy7MSPwwGfH3wQr,126226693,76366
7ogK4lJDVDMU6A6vYR5rvD,124623363,68545
59KOoHFcw5XfICnO57holu,122496389,109003
4RMfSYDFkcz0bKoK8fHDgR,120855630,36746
1HCdems7PQZRj42QDWLA0A,119781829,66231
40PXEOFLJc7UIpLMrhSfW1,119309403,15933
1Zai5UJ2di3qEuR2HeT2s8,118468702,80455
4tMzIAFTFdqGBQLdfbPces,117457301,61782
2r9CbjYgFhtAmcFv1cSquB,117207833,65278
3oKMl2tJv4fdidkXUYMI5x,116714065,32476
3oGVx9RBmiYGv5ZCecWLkx,115956642,44489
4e3ZNTAV6PCrdYMUrUlMpQ,115358789,47617
6CB7DczrX9ZJB9Wkjegmaq,114259200,30581
550erGcdD9n6PnwxrvYqZT,113254867,62878
0g4fMVo4JjwnIpTfFfLdxS,112665907,67854
6XDBA3QWX51lDJ0oZbaJJN,112621499,28550
2ve0kuaWUCt4Zx8x4bf1MR,112369036,67554
75W3SngKzTuoQ94uLf3y82,112220756,71247
7J4b3LVCIGO4CMBDFLPoP6,111369330,52872
4ABYxlb92WBIjHu7TIKmml,110272099,45379
2f0GI2ZLUtbGqFx8t2Gk6A,110086268,60667
4i6cwNY6oIUU2XZxPIw82Y,109547353,31269
7eQj6r5PIdYKEIZjucBMcq,108547061,38076
0zo975x58DlXbZllWvfYhg,105093485,39783
7eResoqEJJAVTkQYSqvO3P,96716106,34057
1UPDfqsVIZLEiZeMuUsni2,95820198,23480
1DTRUYVd8rYpla9hhVVwjo,95807142,68810
4e5ayHsOLJNLTGfjau2mEw,95747609,39246
6iiAfo4wTA2CVC3Uwx9uh8,93089781,49496
1cSFlSBdpT4F5vb1frQ231,92083358,45349
0NRHj8hDwwmSPaA41o379r,90218751,39963
4axSuOg3BqsowKjRpj59RU,89263943,31305
7A2cNLRT0YJc1yjxHlKihs,89143148,37700
6INztpNwOTlfSKTuPo0HOP,89067018,64850
0kAZ3H6G9Zac4PMpmobMkj,89062017,48731
4uuEGH5SVuzkkSFjo2DEiY,88595656,40561
2CnjDMdpRjlWv04Xk3s6MW,84250047,88012
0lJWmQO1fw1Tr2p2M1m5cw,83349818,30127
7HC7R2D8WjXVcUHJyEGjRs,83258351,40650
2EFZ9emtKWEglWUQGEQ3P9,81778315,48483
6IH2Z54gYPLqgJtxZjX80i,80199555,9803
2bzUVEvpZ7At5cYz1kOLI9,80149781,48767
3fGnrtrtL1IHSX9t4DKOYf,79527668,24473
5P4wWhUYWM0IaVYLuZxdar,79235925,37911
5eGX87IiKsGuzS3iw4CfCX,79136579,36816
6Q237Ts37YGYRIi5Vy5lVX,77671901,35162
0tQ9vBYpldCuikPsbgOVKA,77487584,66171
3yNJkriPzWjkkDAWHIAVUq,77092358,35455
0V3SNHDka1JSCP71HAzpxw,76422205,11692
0DMVrlMUn01M0IcpDbwgu7,73900289,29869
3oxgFdIlxFEDEJqn7k5TVN,73129903,17618
34V9RiEPe8MNdU32qJsJa1,72800818,26325
2m3ObD945KvpE5y9A1eUWm,72406010,37685
0k0vFacOHNuArLWMiH60p7,71439717,33623
3n9mzjgAzjyKawvbHzciXF,71046534,14527
2JoJrsEV15OzbijS47lids,68843411,35176
4qUijfYU8EoIWiY6oSyrgT,68257434,23927
5jAIouBES8LWMiriuNq170,67606034,34962
6ON9UuIq49xXY9GPmHIYRp,67062437,33981
1n3b9Eekoy3S9ZSZ5DmTW1,66188947,51073
0YRGTdfmJPALpglAaraYUr,65776838,17358
5VwFkx7JOimOGTYfha5rs1,65658364,12307
01QdEx6kFr78ZejhQtWR5m,65454262,31211
6Py8IKZqDyU8aQVrjilbJw,64167930,27950
12nBPF4Rh4XLFJV0YLN7uj,63264784,31373
1qLeEu4iXEclkLwoBlMiou,61206828,11489
2QrQCMel6v2JiLxqrg4p2O,59652933,31264
0r3U7SOcoj4DIEyN44Lt5z,58826464,13395
7N015NTIWGjQDddHUdHPoO,58794405,24052
0QCS4NpURHvWdF1icdkfBw,58450051,17049
4hCZk6WJBFQeG3P7WsyntI,58233386,15074
3ExweHKZF9B752DPQByRVT,55972959,27948
5GPwN5iZ9ZMSXAkppj4Uvv,55758009,11187
0fAbfDiuQiUwV7FUcFfRGY,55527362,9278
7nWui6jiMM2m9qFmET1Mtj,55044549,22769
7an1exwMnfYRcdVQm0yDev,54939980,27856
0UAdDYrkCvVQftaKpL6q5f,54199963,17506
4evLyY5Ue1Wesc61t2KXAU,54146146,26668
0TYJbIHBtmWy9ugtU9BcbE,53784121,16792
2RSYYe7LhKFxIi50T5XtUo,53554065,25616
7wjbSn8QHsxqKXU5M0jXGM,51897400,4694
1n2wszmJyVkw6FHqyLnQsY,51159140,25860
0cteXFnxe5gctzwP5rJqXA,50710311,13111
2Sy2oGjP5RYB4cLVoDU0Gz,50218129,14099
0HmCuN0Z3OX1Qrz43FLOPL,49818522,13818
1Fj0T1XKuhRu7EZzJ7NJIK,48916934,28944
0gPmM1WtVRg3uENW3o8bfx,48804753,14143
0vvt4IZOMkRug195S4MUq0,47625595,12006
24ksPWXKg1k7OOG57pufED,46731114,10526
7txpzmA69zyk50K3ZyZSzC,46532407,10198
51A8eKvvZz9uydvIZ7xRSV,46020260,23508
2hmafYGj1CXYKIYcMnX4lj,45481997,13924
5hiqtrACtMJkNpaNHj0n9Z,45461610,10596
2ZoOmCSgj0ypVAmGd1ve4y,44318563,21595
7APTsjmZbj7TFXQJAiRti4,44148909,14563
3oF7Or7T35yhQbGxbCGvRX,43881851,11074
0kqC185OTcnuhbz4T7g5RB,43744485,21114
4pJi1rVt9GNegU9kywjg4z,43668958,24058
4qNEi8zGIYLiMtoW8OaJdx,42734383,21509
6LKjHhOW1az75pCQ9XJJtF,42446717,10665
2Ta5c5Z6DvM8GX0U1polSo,42361311,7702
0pjBqAz8GlxGlpaU4W0DxS,40033877,33655
2QA3IixpRcKyOdG7XDzRgv,39303396,20723
5RaBeejGtdPEszYEKYECs2,39061041,7111
2IprIjGNRlj3TfqUWCAo0C,37908418,7219
2oWpe2L8ypC080BxpDVuTY,37690763,15856
2d3d9xZutJjmUpntiyHt3F,36250724,13710
1gejz5ROvJBUb6WJzkMAcc,35869389,32876
6ClYMObS7f3Nn4AiZHYQt3,34580814,15125
3rnI1UCyGJvUTVvT97VQr5,34277327,12297
1P5QpwOgXJuoVTm3CWbnLY,34136429,7963
5AsmAjBSSQjRPWgAYIp8tm,33584922,6700
1spLfUJxtyVyiKKTegQ2r4,32973555,17501
7ryS0xBZNYjQqql34GCkDp,32518091,20078
05kJkr80XEaZeN8kxyQoFp,32325549,11394
3EPgWM1zfTSzEc0z4AwWTM,30530056,33188
5PSOWHll3h3Vy226xSJk0M,29577944,10839
46HGgtwmmuEB8mvDCyjyAc,29137594,8660
5mdNyCS7ttVcAyVYOIFEjs,28929440,16112
2msvOEbkK50foYf9BMXr2X,28792157,9732
1Ygm9KdH3wbzDekO8JgxcW,28506139,10473
5KxZfCXXmVvKhPo8hQz2pS,28177363,6770
5zytSTR2g0I9psX2Z12ex6,27831472,10734
2R7C9dDqv1UPycvepBFziA,27503049,6160
62rlxI6g2PNaWsHoiRryto,27101936,7436
4MGexoZc12lqE0hYkq9YYx,26646324,17473
1gaLZjPrDnHQWJds2Jg4KT,26357286,18907
16M9Rxid0nXhVmme7lzVwN,25570617,10160
2IZ00ed83ygPIiacYScWUE,25239313,10767
5G9AVKld9q7DCrmoY42raf,25160570,4830
6cf6rLb8qcklvJv90W6HCW,24635360,6406
0RFCHlNuTeUHIB36VuVbOL,24032324,11615
3tGq7hWDCtrnL83y5OGual,23651848,6355
7FKbTRXXIWVFQmPH8zGfU0,23305276,4346
08J4bMHbILkwSIhbtrcvjN,22883956,10946
2yceD2hx5HhOLgkm1CITCi,21509724,11447
06zIBqLC9ZRm5i0iMf0kHI,20122550,32208
560uQyz3p5G9WdnMX39xc6,19853054,9026
6C0H8ts9M6deezz0yYR6LK,19736118,7075
2evEoQAhIMaa9PfjTT5skG,19735939,4064
6mqyTq948oap5AkyTsd6XF,19683190,10293
4mqgn90sCeVSYqcoftTQTd,18684741,4365
77d7q9TNbsIDmRTDPkPv3L,18673147,8788
4pl5zcqCv4vc3cB7M4MZ6f,18493071,8223
7Bjf96uNizpvXLvNyOJpst,17929946,3236
2BUTSRKPGRsyc9FnsC5Udd,17778087,16203
7wo2UNeQBowm28hfAJsEMz,17718161,10788
7BT9K9BDqq6HI2oWH5UMZQ,17536613,3892
6F67FNdOBNMFzxdj1CQ5pL,17412328,9088
28tIMaewZuGR8urkvFhQyA,17311279,8022
0xvsgzM8AtBtRHZm5rav8A,17031563,9738
4cOWq0cVsKjxaQpRMbDoH1,16877742,7715
5KByGq0JijSSDcy0qzuINs,16178826,7783
1u4HUiREUR6vX1W1RYG2Tm,16104162,6544
1mh5dObNoOvCfHmXnhvDEK,15816793,6689
77p4fRpoeiZMtUy3P9kN21,15395912,2724
0QTBsdoJhamY3Aid3fOsOd,15354719,7192
14Bljc3pOOG0xQX3wqhLN9,15215342,7382
5VDHMi7own9vDZjiwDES1e,15075293,7911
71IScwIe7bcIlpnlkbKVQw,14738010,1987
2fgiBCtbWo8pijF6M7pN1i,14297494,7056
60oZARTE1kCh5ntBfeO1XB,14235460,1887
1IsquhJFJ0qcFZI7FeAEuN,14138811,4020
0BSmbCIY36iw04azzJ3S0S,14028036,4003
06FXaDDdg0BzXl15cthMS5,13910315,11851
4YHHz3VIXgNDGdoL9xC1tx,13792193,7198
04xrhDrQ2WOW8GLwu7kbc0,13627213,7255
4lD3RXyvHpJsM3BhIEC4aA,13108703,5125
7r7j12XctfJqZWXsy1Zq9L,12943741,1772
4yyKppX85ZkmlGOC2toBZA,12590962,5952
12xIjI9A9UlB6zEc7kyZ06,11385490,3379
3RNDw7yywLNyawDKV99hTx,11045390,2403
1hm4V38egkiHOgxTUpu0zg,10995675,2163
5F7hpFKLmWgMHGxQuwssuv,10225970,3482
1g09DZjQ7yBommCT6POY2n,10122923,2613
1aBJNc2thaKyh5THWzIqHX,9970393,2081
6KF9xd2hBLuexrmBX4vUWD,9562772,2625
36a08nLG1xazGaaVKK0vv7,9377439,3850
4YrpqEBNuz7IMsZtUP6bNQ,9226908,3551
5fOV54t6mMYv3H9CsnvU81,9177185,3459
3lm4L3pPL32PFy74dR17OR,8793803,2284
31JVjy3XWnh6C2zf4kLCXN,8484877,1538
6SYwJcqaltK2WFRmD1unUV,8351912,2343
72GIZuUXo14oyrS0si3Rgc,7863215,1949
7yndkPYP6YQQLBpPsizDfh,7697083,1615
7mFiEij8AXPUZB7aKLbUlQ,7674703,1647
4KB3zBArZ1rHRExilzycaV,7668947,1738
7GZ3KDorsc1yWndEtzGTjf,7526465,1220
6505MLhnqTDDg4tjoUz2Wp,7503468,1984
0Nw8hv79MLJa1yjtsEgz08,7398152,1717
4DbI1rr4IQ2bc8nejy9ttd,7397975,1838
1cJkUN5LAotktryx2nPCr7,7239127,1615
5QkzyLUb4ggojNDp8G2OxX,7211041,1973
68QyrSzpnoU04AAhE5z8lj,7198150,1532
6znB7YZhMJT2B83zfbiyLq,6998292,2559
0hFF0aqyjDwDh6SQwRbTyx,6905793,6122
6hH37tyeRdyan1mAppmVor,6799319,1841
3QFB14MOUf3imlyISNmrbT,6755091,1567
7JKwboSAWRHJI5U1XGTqS3,6370597,3110
4FoV729rw7IhoKlMZW5K5V,6273251,1555
11ajndHCF1bP989GgGIZUD,6047083,1238
4e6QU4gpfZj9xxcK856RgG,5101244,1243
4eTXfpHxhxVofrBUjAhPMg,4804700,1310
2PGIFYRG1XWsPqNG14hgD1,4767629,1946
5lA0yK8S5tP3xoaRMCp4Ug,4531077,708
4XiypEn8iKbeP1TbTqdfk5,4282804,1716
7kjSmkSo15pHlkb0mOQtfj,4273558,2324
5zOKuItOTZhRCGtPrDYmlj,4130904,1223
0ThxqUZ9PwS6n0UT5i1XH6,2909230,1355
4RBKAqJ3qyvvriDG0s9IJ3,2657319,1188
1alAo6dYalSx8yZUn17JxF,2649015,489
4VbErhGDMTnvPAnt5z70DL,2429569,595
4aBW31cmkA7BLColUsMEeZ,2378759,1161
7pM01Cfj8vt7z3qI2TveNT,1993677,828
5g7RMU3cV7zXWH244BLe7G,1608379,886
4i0M7glXqIIRKPwbLtpExi,1388217,153
3Ng1BPUR5qf6vQ1AizIA0D,1365217,2320
3vM04liQIPwzatRCDvWvba,1244227,2468
0ISHfeb30gj4CSWUZYuesj,1035320,1181
4MbHDiHQjhmoVAV75G04Ql,1022194,710
4DjevQhsPWULcondN4mRh5,981493,533
5a9hUL6ZuiagZhazwrtwHF,980920,491
7EvU9pRoJ9Xs7anx0P7tEc,955317,486
4twNUyTpLMPWokYmCdFDCH,838712,516
5JtXBqKLdfzwedmlUjjqAm,795076,382
1Qicm51crXMvUuH4SMjobT,762528,568
6N6V2v89hS4N9ossON5f9R,740408,200
1zz0XSmHCFd57ne04UAp38,716882,364
69o9kr9UexjzeZDE8yD8dQ,691206,393
2GZNZLMvT3gjCEPd6NNvvQ,605201,192
5Iadj8IBPrt634WW0yGPRI,589019,335
4omftH10jc82Sj8VJ395C7,572168,254
7Ae2hYOcJmLbGCYIA3M1VM,549877,104
1yVVoBDzSkFkZRWtq9x3u1,515840,47
61zIoCTqx0OY5pCj26Ve9W,489576,77
7bdyzcQ0onk60hfsxDCd2X,486514,269
2hecdut2HWM5JMHqLTWThq,483862,274
1VPHQriwOsy5aGHLwwZyho,478846,447
02DtaJ6ADr4uQJbKEdpxxj,468543,139
59ZmeIz57cGU5Gp9omjlYB,465340,62
1BXM0X5BxyUUOLEf9Rv6uZ,446207,456
5fUE3r8hdIUQug2028aA8F,420746,64
5v5s9gE1UVpPaPdOxkbBwP,414677,61
0kfTOGpi5eZCBxcRF5LFIh,413254,61
2vTjAIZbfW7W8NGBOZ5rK5,410616,77
2rLYkfJSgTPtOTLjYEdozL,406033,42
3cAHqw3B2deaHRXV9WrYAA,405349,76
7HbZuazpPbDDMkb8Tmvxq0,404437,62
4cag67C3v9ToeFivUwDUsE,404226,261
4sFwzqXqNcNV3cTyTybq0M,394699,46
1wePVBS4L6xhCvVUItPAZQ,390205,58
64FIHbthA4RhBv6fL6DGBO,383818,148
3lD0QBGaxvoc9WBDnGHFUi,382037,58
3ZHTwJzCNDFvjLpVQiqpH6,374352,263
1VW4AEDihVs3BQB6KnTYIY,374004,64
4kxj7TJF4A88P4LPeLrsoZ,369847,55
3ilBqQXWOO6FWaPyNsVUbw,369274,64
4WrJR6LJ8MtIxouKHUkTEM,368944,194
3ZfvKQxJp4zZshiJsRPoD1,363488,259
0ruvufCIGCWaf67Tb8R64O,363359,236
2BDqAaVKzQDnoVPZbdp68D,358982,95
2XmWRdsQlXna2gcAn1Dquv,355199,53
13tYZVTtzLUJTlM7m1ivbi,350018,221
4CyL8bBbVRYB0ogadF4aUS,348777,59
5EsfyTD26nlVQ0DtYo16uJ,338836,265
7D4bd801muwRfuo5F3KkGk,336550,85
22Zg9JjEgM0JV5HvLXNJAh,331554,71
7F67ujlSkp8PT7uaDPuOjP,331397,97
2k0w1FGqvzVPgQ9VdTaJpe,330983,358
2dAXNjG5vwMAlgHzAC7vZC,329766,63
5Gz9GFSwHObbmjSRHgTphe,328514,107
